parksid,block,lotnum,lotsize,areacovered
B024-GT001,2912,1,,
M071-GT001,1254,10,,
B088-GT001,1790,1,,
B245-GT001,1353,1,900,Partial Lot
Q448-GT001,12406,180,,
X179A-GT001,2685,30,,
X179A-GT001,2685,78,,
MGT043,1080,1,,
MGT086,1205,6,,
MGT087,1220,17,,
MGT088,259,44,,
M105-GT002,418,1,,
MGT091,431,14,,
RGT005,569,245,,
M278-GT001,606,1,,
Q470-GT001,638,37,,
BGT123,1552,21,,
BGT129,1670,49,,
MGT051,2045,98,,
MGT056,493,30,,
XGT049,2879,35,,
XGT056,3604,39,,
B523-GT001,7247,240,,
QGT019,9067,1,,
B483-GT001,4007,41,,
B483-GT001,4007,35,,
B483-GT001,4007,34,,
B483-GT001,4007,37,,
B483-GT001,4007,40,,
B483-GT001,4007,38,,
B483-GT001,4007,36,,
BGT099,3543,1,,
RGT008,525,39,,
Q448-GT002,12406,180,,
B058-GT002,2696,1,,
BGT004,927,26,,
BGT005,1622,32,,
Q513-GT001,12035,24,2000,Full Lot
Q513-GT001,12035,24,1058,Full Lot
Q512-GT001,12599,6,4273,Full Lot
BGT001,2099,43,,
MGT002,1711,11,,
MGT003,2074,29,,
M390-GT001,625,34,2164,Full Lot
M313-GT001,387,121,3445,Full Lot
M313-GT001,387,122,4074,Full Lot
X293-GT001,3110,48,,
X293-GT001,3110,49,,
X293-GT001,3110,50,,
X293-GT001,3110,51,,
M330-GT001,1638,50,,
BGT002,1683,90,,
BGT002,1683,91,,
B477-GT001,4046,121,,
B438-GT001,1503,1,1920,Full Lot
B438-GT001,1503,2,1520,Full Lot
B438-GT001,1503,3,1520,Full Lot
B476-GT001,1440,12,8300,Full Lot
XGT001,3156,55,,
M388-GT001,1770,67,,
B448-GT001,1953,68,,
B448-GT001,1953,69,,
B448-GT001,1953,70,,
B448-GT001,1953,170,,
X313-GT001,2618,36,,
X313-GT001,2618,38,,
X313-GT001,2618,39,,
M370-GT001,377,69,,
MGT004,458,40,,
MGT004,458,41,,
B528-GT001,3550,41,4406,Full Lot
B528-GT001,3550,43,,
M367-GT001,1622,50,,
B413-GT001,1535,49,2483,Full Lot
B413-GT001,1535,50,2483,Full Lot
B413-GT001,1535,51,2483,Full Lot
B413-GT001,1535,52,2483,Full Lot
B413-GT001,1535,47,1842,Full Lot
B413-GT001,1535,48,2000,Full Lot
B224A-GT001,1643,1,,
M329-GT001,386,21,,
M329-GT001,386,22,,
B446-GT001,4041,52,,
X326-GT001,3123,74,,
X326-GT001,3123,73,,
X326-GT001,3123,72,,
MGT005,1716,50,,
MGT006,1711,13,,
M408-GT001,344,153,,
M408-GT001,344,158,,
M334-GT001,386,52,,
MGT007,373,58,,
MGT007,373,59,,
BGT003,3433,14,,
B474-GT001,1771,20,,
B474-GT001,1771,21,,
B474-GT001,1771,22,,
B474-GT001,1771,23,,
B474-GT001,1771,24,,
B474-GT001,1771,25,,
B474-GT001,1771,123,,
X298-GT001,2793,14,,
X361-GT002,2979,30,,
X361-GT002,2979,31,,
X361-GT002,2979,33,,
X361-GT002,2979,57,,
X361-GT002,2979,55,,
B544-GT001,1973,38,,
M345-GT001,385,11,,
M345-GT001,385,60,,
XGT002,4901,23,4400,Full Lot
B572-GT001,1791,62,,
B572-GT001,1791,63,,
B572-GT001,1791,64,,
M332-GT001,387,40,,
M337-GT001,406,16,,
M337-GT001,406,17,,
M361-GT001,390,46,,
M374-GT001,1953,28,,
M374-GT001,1953,29,,
M355-GT001,2031,44,,
B532-GT001,1709,22,,
MGT008,1788,30,,
MGT008,1788,31,,
MGT008,1788,32,,
MGT008,1788,34,,
XGT003,3094,63,,
B566-GT001,3556,11,2450,Full Lot
B566-GT001,3556,12,2450,Full Lot
M310-GT001,377,11,,
M310-GT001,377,14,,
M323-GT001,1689,46,,
M323-GT001,1689,47,,
B552-GT001,2382,28,,
B475-GT001,3996,9,,
B475-GT001,3996,11,,
B475-GT001,3996,13,,
B475-GT001,3996,15,,
B462-GT001,4313,57,,
B462-GT001,4313,59,,
B462-GT001,4313,61,,
B462-GT001,4313,62,,
BGT006,1586,41,,
M382-GT001,1616,23,,
B398-GT001,1601,61,,
B398-GT001,1601,62,,
B398-GT001,1601,63,,
B567-GT001,1864,52,2000,Full Lot
B577-GT001,3172,12,,
X277-GT001,2550,32,,
X277-GT001,2550,33,,
X277-GT001,2550,31,,
X277-GT001,2550,35,,
X277-GT001,2550,37,,
B471-GT001,4191,1,1500,Full Lot
B471-GT001,4191,2,1500,Full Lot
B471-GT001,4191,3,1500,Full Lot
B471-GT001,4191,4,1500,Full Lot
B471-GT001,4191,5,1500,Full Lot
B471-GT001,4191,45,1600,Full Lot
B471-GT001,4191,106,2000,Full Lot
B471-GT001,4191,6,2500,Full Lot
B471-GT001,4191,7,2000,Full Lot
B471-GT001,4191,8,2000,Full Lot
B471-GT001,4191,46,1600,Full Lot
B471-GT001,4191,47,1600,Full Lot
B471-GT001,4191,48,1600,Full Lot
M319B-GT001,2053,99,,
X319-GT001,2651,23,,
X319-GT001,2651,27,,
X351-GT001,2418,22,,
B455-GT001,4156,35,,
B561-GT001,1537,29,1427,Full Lot
B561-GT001,1537,30,1427,Full Lot
B561-GT001,1537,31,1550,Full Lot
B561-GT001,1537,32,2288,Full Lot
M359-GT001,394,29,,
XGT004,3097,33,,
M383-GT001,1621,30,,
BGT008,3366,23,,
BGT009,6965,125,,
BGT010,1953,57,,
M392-GT001,1645,51,,
M392-GT001,1645,151,,
M392-GT001,1645,152,,
BGT011,1984,62,,
M339-GT001,406,46,,
B414-GT001,5318,38,8400,Full Lot
M398-GT001,2117,46,1980,Full Lot
Q495-GT001,1711,21,,
X339-GT001,2998,170,,
B421-GT001,1957,21,,
B421-GT001,1957,23,,
BGT012,3322,8,,
BGT013,1952,3,,
B470-GT001,3461,18,,
B470-GT001,3461,19,,
B470-GT001,3461,20,,
M344-GT001,1680,21,,
M298-GT001,1726,14,,
B484-GT001,4014,24,,
B484-GT001,4014,25,,
XGT005,2564,10,,
XGT006,3293,62,,
XGT006,3293,63,,
XGT006,3293,65,,
XGT006,3293,64,,
B047A-GT001,3889,1,17440,
Q505-GT001,15806,1,,
X315-GT001,2761,97,,
X315-GT001,2761,101,,
X315-GT001,2761,102,,
B444-GT001,2417,3,,
B444-GT001,2417,4,,
M340-GT001,2006,18,,
M340-GT001,2006,19,,
BGT014,3043,13,,
BGT014,3043,14,,
X363-GT001,2364,13,,
X363-GT001,2364,15,,
XGT008,2623,58,,
X364-GT001,3540,1,,
MGT010,1638,42,,
MGT010,1638,142,,
M358-GT001,443,53,,
XGT009,2923,12,,
BGT015,387,38,,
BGT015,387,39,,
BGT016,1213,73,,
M333-GT001,2046,49,,
MGT011,2082,127,,
B400-GT001,1789,43,,
B400-GT001,1789,44,,
B400-GT001,1789,47,,
B400-GT001,1789,54,,
B400-GT001,1789,58,,
B400-GT001,1789,59,,
B400-GT001,1789,60,,
B400-GT001,1789,61,,
MGT012,1926,53,,
MGT012,1926,153,,
MGT013,2077,43,,
M293-GT001,401,31,,
M293-GT001,401,33,,
M293-GT001,401,35,,
M293-GT001,401,37,,
M293-GT001,401,38,,
M293-GT001,401,39,,
X358-GT001,2784,4,,
B550-GT001,2436,20,,
B550-GT001,2436,120,,
X346-GT001,3119,50,,
M281-GT001,1057,50,,
XGT010,3078,69,,
X266-GT001,3127,65,,
X266-GT001,3127,67,,
X266-GT001,3127,70,,
B383-GT001,3802,1,,
BGT017,1768,65,,
BGT017,1768,66,,
M368-GT001,1883,28,,
B449-GT001,4075,140,,
M311-GT001,377,18,,
M311-GT001,377,24,,
M311-GT001,377,25,,
M311-GT001,377,22,,
M311-GT001,377,20,,
BGT018,3359,28,,
Q486-GT001,12192,12,,
XGT011,3989,10,1209,Full Lot
B513-GT001,3603,7,6000,Full Lot
BGT019,3682,50,,
XGT012,3021,,,
B526-GT001,4001,2,,
B526-GT001,4001,3,,
B472-GT001,1797,57,2000,Full Lot
XGT013,2432,75,,
M338-GT001,1680,44,,
B549-GT001,1783,4,,
XGT014,2887,12,,
B538-GT001,1663,82,,
B525-GT001,1525,28,,
X328-GT001,2509,44,,
M377-GT001,2046,35,,
BGT020,108,1,,
B511-GT001,3518,1,9292,Full Lot
BGT021,1623,4,,
BGT022,1841,14,,
BGT023,1144,62,,
BGT023,1144,63,,
B469-GT001,4053,9,,
B469-GT001,4053,10,,
BGT024,952,3,17960,Full Lot
B543-GT001,4088,23,1000,Full Lot
B543-GT001,4088,24,1000,Full Lot
B543-GT001,4088,22,2500,Full Lot
XGT015,2397,13,,
M371-GT001,397,28,,
X320-GT001,2903,35,,
X320-GT001,2903,37,,
X320-GT001,2903,40,,
M363-GT001,1753,67,,
M363-GT001,1753,68,,
M363-GT001,1753,168,,
BGT025,3956,51,,
M384-GT001,1616,53,,
X322-GT001,3196,92,,
QGT001,11327,1,,
B461-GT001,4249,86,,
B461-GT001,4249,72,,
B593-GT001,1682,33,,
BGT027,3694,16,,
R146-GT001,198,122,,
R146-GT001,198,126,,
Q487-GT001,10081,6,,
M341-GT001,1848,55,,
M341-GT001,1848,56,,
X349-GT001,2381,19,,
M324-GT001,391,42,,
M324-GT001,391,43,,
B450-GT001,3979,31,,
B450-GT001,3979,32,,
B450-GT001,3979,33,,
X297-GT001,2792,9,,
B580-GT001,2539,29,,
B443-GT001,4023,6,,
B451-GT001,1793,7,,
B451-GT001,1793,9,,
XGT016,2402,4,,
B464-GT001,1446,63,2009,Full Lot
B464-GT001,1446,163,2009,Full Lot
B464-GT001,1446,61,2679,Full Lot
XGT017,2288,1,,
X276-GT001,2616,22,,
X276-GT001,2616,26,,
X276-GT001,2616,28,,
X276-GT001,2616,29,,
X276-GT001,2616,30,,
X276-GT001,2616,32,,
X357-GT001,2403,25,,
X357-GT001,2403,26,,
X357-GT001,2403,27,,
X357-GT001,2403,29,,
X271-GT001,2816,5,,
X271-GT001,2816,9,,
M364-GT001,1771,5,2523,Full Lot
X350-GT001,2384,9,,
X350-GT001,2384,10,,
X350-GT001,2384,12,,
X350-GT001,2384,13,,
B478-GT001,4012,4,,
XGT018,3125,35,,
M315-GT001,401,25,,
Q488-GT001,9681,45,,
BGT028,1962,69,,
MGT015,1726,65,,
BGT029,3438,24,,
BGT030,1342,5,,
BGT030,1342,3,,
MGT016,1654,5,,
MGT016,1654,42,,
X321-GT001,2431,20,,
Q300-GT001,5156,1,,
B575-GT001,1664,40,,
X235-GT001,2625,17,,
X235-GT001,2625,19,,
BGT031,3457,3,,
M335-GT001,344,148,,
B467-GT001,4000,29,,
B467-GT001,4000,30,,
B467-GT001,4000,31,,
B467-GT001,4000,130,,
M316-GT001,1726,64,,
X329-GT001,2955,32,,
XGT019,3292,86,,
XGT019,3292,149,,
M291-GT001,106,22,4034,Full Lot
X340-GT001,2972,52,,
X340-GT001,2972,55,,
X318-GT001,2633,8,,
X318-GT001,2633,9,,
M312-GT001,379,1,,
M312-GT001,379,2,,
M312-GT001,379,3,,
M312-GT001,379,4,,
M312-GT001,379,5,,
M312-GT001,379,6,,
M312-GT001,379,7,,
M312-GT001,379,61,,
M312-GT001,379,63,,
M312-GT001,379,59,,
QGT002,12356,21,,
QGT002,12356,19,,
Q489-GT001,12147,16,,
X324-GT001,2826,20,,
X324-GT001,2826,21,,
X324-GT001,2826,22,,
M372-GT001,384,28,,
MGT020,1638,32,,
BGT032,5808,,,
MGT017,524,9,,
X252-GT001,3049,1,,
X252-GT002,3049,1,,
MGT018,1631,2,,
MGT018,1631,102,,
M321-GT001,439,10,8225,Partial Lot
XGT020,3111,7,,
XGT020,3111,8,,
B553-GT001,2571,21,,
B507-GT001,1708,70,,
B507-GT001,1708,72,,
B507-GT001,1708,73,,
B533-GT001,3617,13,10858,Full Lot
B439-GT001,1760,1,2805,Full Lot
B409-GT001,348,1,1500,Full Lot
B409-GT001,348,2,1500,Full Lot
B409-GT001,348,3,1500,Full Lot
B440-GT001,3539,1,2500,Full Lot
B440-GT001,3539,2,2500,Full Lot
B440-GT001,3539,48,6000,Full Lot
B440-GT001,3539,51,6000,Full Lot
B441-GT001,1771,29,,
QGT003,10078,43,,
B410-GT001,352,4,1693,Full Lot
B410-GT001,352,5,1530,Full Lot
B410-GT001,352,6,1389,Full Lot
B410-GT001,352,7,1200,Full Lot
B410-GT001,352,9,940,Full Lot
B410-GT001,352,10,606,Full Lot
B410-GT001,352,8,1037,Full Lot
BGT033,1622,5,,Full Lot
XGT021,5085,13,8447,Partial Lot
X246-GT001,2285,42,,
B422-GT001,2106,1,,
BGT034,7552,100,,
B582-GT001,2018,35,,
XGT022,5075,,,
M387-GT001,1923,20,,
M387-GT001,1923,21,,
M396-GT001,354,16,,
M396-GT001,354,18,,
B454-GT001,3432,39,,
B454-GT001,3432,40,,
B454-GT001,3432,41,,
Q474A-GT001,1932,31,,
X338-GT001,2404,9,,
X338-GT001,2404,10,,
XGT023,3163,5,,
XGT024,3199,46,,
M336-GT001,391,53,,
M336-GT001,391,54,,
QGT004,10072,18,,
B458-GT001,3993,17,,
B458-GT001,3993,18,,
B458-GT001,3993,19,,
X341-GT001,2381,47,,
X323-GT001,3043,57,,
X233A-GT001,2664,23,,
X233A-GT001,2664,24,,
X233A-GT001,2664,26,,
X233A-GT001,2664,27,,
X233A-GT001,2664,52,,
M401-GT001,1645,3,,
M268-GT001,374,10,,
M268-GT001,374,12,,
M268-GT001,374,59,,
M268-GT001,374,60,,
M268-GT001,374,62,,
M268-GT001,374,64,,
M268-GT001,374,13,,
M268-GT001,374,14,,
M268-GT001,374,15,,
M268-GT001,374,16,,
M268-GT001,374,17,,
M268-GT001,374,18,,
B424-GT001,2407,30,,
B424-GT001,2407,32,,
B460-GT001,4066,2,,
B460-GT001,4066,3,,
BGT035,4461,9,,
B463-GT001,3553,21,10000,Full Lot
B447-GT001,4057,25,,
B447-GT001,4057,27,,
B447-GT001,4057,28,,
B447-GT001,4057,29,,
B447-GT001,4057,30,,
B447-GT001,4057,31,,
M313A-GT001,387,155,,
B465-GT001,1805,74,,
B465-GT001,1805,75,,
B465-GT001,1805,76,,
B466-GT001,3809,27,,
M317-GT001,2074,45,,
M317-GT001,2074,46,,
M317-GT001,2074,146,,
B399-GT001,955,13,3665,Full Lot
B399-GT001,955,15,3673,Full Lot
B399-GT001,955,18,1520,Full Lot
X316-GT001,2611,50,,
B415-GT001,4297,1,,
BGT036,456,14,,
B468-GT001,3978,35,1375,Full Lot
XGT025,2448,11,,
B058-GT001,2696,1,6095,Partial Lot
BGT037,955,49,,
B486-GT001,3857,24,1507,Full Lot
B486-GT001,3857,25,1549,Full Lot
B486-GT001,3857,26,1637,Full Lot
B486-GT001,3857,27,1509,Full Lot
B486-GT001,3857,1,1680,Full Lot
BGT038,1953,41,,Full Lot
B574-GT001,1493,1,,
B527-GT001,3854,1,,
B527-GT001,3854,2,,
B527-GT001,3854,3,,
B527-GT001,3854,4,,
B527-GT001,3854,5,,
B527-GT001,3854,7,,
B527-GT001,3854,8,,
B527-GT001,3854,9,,
B527-GT001,3854,10,,
B527-GT001,3854,11,,
B527-GT001,3854,12,,
B527-GT001,3854,13,,
X118A-GT001,3440,12,,
M297-GT001,1918,46,10941,Full Lot
B408-GT001,336,9,1995,Full Lot
B408-GT001,336,10,1181,Full Lot
B408-GT001,336,11,339,Full Lot
B579-GT001,1342,8,3017,Full Lot
X314-GT001,2643,50,,
XGT026,2622,36,,
XGT026,2622,37,,
XGT026,2622,61,,
XGT026,2622,62,,
XGT026,2622,63,,
M351-GT001,1928,22,,
M351-GT001,1928,23,,
M351-GT001,1928,122,,
M351-GT001,1928,121,,
MGT022,1784,11,,
B142-GT001,2147,1,,
BGT039,3155,20,,
X145-GT001,2323,112,,
X145-GT001,2323,60,,
X145-GT001,2323,114,,
X145-GT001,2323,130,,
X327-GT001,2511,65,,
M373-GT001,1840,62,,
M373-GT001,1840,63,,
M325-GT001,391,23,,
M325-GT001,391,24,,
M325-GT001,391,30,,
X337-GT001,2379,30,,
X355-GT001,2870,1,,
B479-GT001,2020,19,2975,Full Lot
Q045-GT001,32,39,,
M346-GT001,1771,121,865,Full Lot
B480-GT001,5030,23,0,Full Lot
BGT040,950,16,,
QGT005,12401,40,,
X299-GT001,2903,11,,
X299-GT001,2903,13,,
M326-GT001,456,1,,
QGT006,115,86,3270,Partial Lot
M357-GT001,386,60,,
MGT024,271,63,,
B499-GT001,1483,27,,
B481-GT001,3370,23,,
B481-GT001,3370,24,,
B481-GT001,3370,25,,
B481-GT001,3370,26,,
B482-GT001,1990,14,,
B482-GT001,1990,15,,
M327-GT001,1628,15,,
M327-GT001,1628,12,,
M327-GT001,1628,16,,
QGT007,1726,14,,
BGT042,1225,10,,
XGT027,3716,59,2500,Full Lot
B510-GT001,3494,4,10000,Full Lot
M297A-GT001,1918,11,,
QGT008,1650,2,,
Q493-GT001,10149,70,,
Q493-GT001,10149,71,,
X356-GT001,2407,31,,
X356-GT001,2407,32,,
QGT009,12371,332,,
QGT009,12371,333,,
M105-GT001,420,1,,
XGT028,2746,53,,
M314-GT001,398,27,,
M314-GT001,398,28,,
MGT026,2079,11,,
M347-GT001,1842,61,,
X342-GT001,2965,199,,
B453-GT001,4023,28,,
B545-GT001,3106,18,,
RGT001,695,25,,
RGT001,695,14,,
RGT001,695,16,,
M348-GT001,2110,57,,
M348-GT001,2110,58,,
X275-GT001,2531,29,,
X275-GT001,2531,35,,
B514-GT001,4061,18,,
M349-GT001,1907,41,,
M349-GT001,1907,42,,
M349-GT001,1907,43,,
B518-GT001,1632,46,,
X241-GT001,2746,25,,
X241-GT001,2746,27,,
X273-GT001,3002,33,,
BGT044,2337,1,,
M393-GT001,1081,26,,
B425-GT001,2920,32,,
B425-GT001,2920,33,,
M354-GT001,373,30,,
M354-GT001,373,27,,
M354-GT001,373,26,,
B521-GT001,3997,3,,
B521-GT001,3997,4,,
B521-GT001,3997,23,,
B521-GT001,3997,24,,
M365-GT001,1928,104,,
M365-GT001,1928,105,,
X330-GT001,2962,62,,
B417-GT001,4000,10,,
B417-GT001,4000,11,,
B417-GT001,4000,12,,
B417-GT001,4000,13,,
B417-GT001,4000,14,,
B417-GT001,4000,15,,
B417-GT001,4000,16,,
B417-GT001,4000,17,,
B417-GT001,4000,18,,
B485-GT001,3809,38,,
M356-GT001,1926,27,,
X285-GT001,2267,60,,
X285-GT001,2267,61,,
X285-GT001,2267,62,,
X285-GT001,2267,63,,
X285-GT001,2267,56,,
X285-GT001,2267,57,,
XGT029,2619,18,,
MGT027,1783,37,,
MGT027,1783,38,,
XGT030,2718,52,,
MGT028,373,10,,
MGT028,373,11,,
MGT028,373,12,,
B500-GT001,1627,1,,
M350-GT001,385,51,,
M350-GT001,385,52,,
BGT046,3283,1,,
BGT046,3283,3,,
BGT046,3283,4,,
B517-GT001,1541,3,1772,Full Lot
B517-GT001,1541,4,1773,Full Lot
B517-GT001,1541,5,1600,Full Lot
B517-GT001,1541,6,1580,Full Lot
B517-GT001,1541,7,1508,Full Lot
B517-GT001,1541,8,1422,Full Lot
B517-GT001,1541,15,940,Full Lot
B517-GT001,1541,16,1007,Full Lot
B517-GT001,1541,18,1737,Full Lot
B517-GT001,1541,9,1333,Full Lot
B517-GT001,1541,10,1245,Full Lot
B517-GT001,1541,11,1140,Full Lot
B517-GT001,1541,12,1060,Full Lot
B517-GT001,1541,13,982,Full Lot
B517-GT001,1541,14,893,Full Lot
B560-GT001,363,7,1338,Full Lot
M299-GT001,1815,2,16723,Full Lot
B531-GT001,1708,64,,
B531-GT001,1708,63,,
B504-GT001,8173,63,4000,Full Lot
B504-GT001,8173,65,2000,Full Lot
B504-GT001,8173,66,2000,Full Lot
B509-GT001,4010,1,,
B486-GT002,3858,1,830,Full Lot
B516-GT001,3814,120,20000,Full Lot
B426-GT001,2922,20,,
B426-GT001,2922,21,,
B487-GT001,1462,57,2555,Full Lot
Q475-GT001,3180,6,,
B506-GT001,4295,55,,
B506-GT001,4295,54,,
BGT048,1152,20,,
BGT048,1152,21,,
BGT048,1152,23,,
X317-GT001,2406,29,,
X317-GT001,2406,28,,
B302-GT001,1726,114,,
BGT049,1387,40,3300,Full Lot
X325-GT001,3523,38,,
B488-GT001,1766,43,,
B488-GT001,1766,44,,
B126-GT001,607,1,152165,Full Lot
B489-GT001,2893,35,4956,Full Lot
M352-GT001,395,8,,
X335-GT001,3323,100,,
X245-GT001,4003,1,,
XGT031,5141,443,18500,Partial Lot
M072-GT001,2101,55,4800,Partial Lot
XGT032,2506,87,,
XGT032,2506,89,,
XGT032,2506,91,,
M375-GT001,1708,20,5046,Partial Lot
M375-GT001,1708,29,2506,Full Lot
M375-GT001,1708,129,2506,Full Lot
BGT050,5128,70,,
RGT002,639,2,,
B490-GT001,7058,9,1540,Full Lot
B490-GT001,7058,10,1540,Full Lot
B490-GT001,7058,11,1540,Full Lot
B490-GT001,7058,8,1540,Full Lot
XGT033,5750,382,,
QGT010,15806,4,,
B530-GT001,1703,1,,
B530-GT001,1703,2,,
BGT051,4298,65,,
XGT034,2455,37,,
B491-GT001,3976,1,,
B491-GT001,3976,2,,
B491-GT001,3976,3,,
B491-GT001,3976,4,,
B502-GT001,1814,44,,
B502-GT001,1814,45,,
BGT052,1048,34,,
B559-GT001,329,38,1743,Full Lot
B559-GT001,329,39,1772,Full Lot
Q473-GT001,1939,21,,
B492-GT001,3789,35,8000,Full Lot
BGT053,1387,34,,
B501-GT001,1457,9,6317,Full Lot
B501-GT001,1457,13,2338,Full Lot
M394-GT001,1953,44,,
B503-GT001,1817,57,,
B505-GT001,1466,1,5029,Full Lot
B563-GT001,3521,72,2500,Full Lot
B563-GT001,3521,73,2500,Full Lot
B563-GT001,3521,74,2500,Full Lot
MGT029,350,5,,
M319A-GT001,2053,94,,
B411-GT001,353,1,1120,Full Lot
B411-GT001,353,2,3360,Full Lot
X277A-GT001,2550,51,,
X277A-GT001,2550,53,,
X277A-GT001,2550,55,,
X277A-GT001,2550,49,,
QGT012,123,12,,
B427-GT001,3079,37,,
B427-GT001,3079,38,,
B562-GT001,7052,56,30369,Full Lot
B473-GT001,1840,16,,
B473-GT001,1840,17,,
B494-GT001,1760,39,,
B494-GT001,1760,36,,
B494-GT001,1760,38,,
X296-GT001,2511,85,2500,Full Lot
X296-GT001,2511,86,2500,Full Lot
X296-GT001,2511,87,2500,Full Lot
X296-GT001,2511,88,2500,Full Lot
X296-GT001,2511,90,12500,Full Lot
XGT035,2508,35,,
XGT035,2508,37,,
XGT035,2508,40,,
XGT035,2508,13,,
BGT054,1762,18,,Full Lot
M389-GT001,1711,8,,
M389-GT001,1711,9,,
B445-GT001,2791,45,,
B445-GT001,2791,46,,
B512-GT001,3586,41,1488,Full Lot
B512-GT001,3586,42,1524,Full Lot
B512-GT001,3586,43,1500,Full Lot
MGT030,1708,17,,
B416-GT001,3699,36,,
B416-GT001,3699,37,,
B416-GT001,3699,38,,
X331-GT001,2849,68,,
MGT031,394,67,,
B576-GT001,1761,74,,
XGT036,3060,42,,
Q477-GT001,508,3,,
Q477-GT001,508,5,,
Q477-GT001,508,6,,
Q477-GT001,508,7,,
Q477-GT001,508,8,,
Q477-GT001,508,9,,
Q477-GT001,508,10,,
Q477-GT001,508,11,,
Q477-GT001,508,20,,
Q477-GT001,508,27,,
Q477-GT001,508,29,,
Q477-GT001,508,119,,
B515-GT001,4089,13,,
B515-GT001,4089,21,1933,Full Lot
B515-GT001,4089,22,5000,Full Lot
B420-GT001,1484,24,,
B420-GT001,1484,26,,
B420-GT001,1484,27,,
B420-GT001,1484,31,,
B420-GT001,1484,23,,
B459-GT001,1185,30,19200,Full Lot
BGT055,1860,62,,
B493-GT001,4024,13,3582,Full Lot
B390-GT001,341,59,3375,Full Lot
B390-GT001,341,61,1500,Full Lot
B390-GT001,341,62,1500,Full Lot
B390-GT001,341,63,1500,Full Lot
M343-GT001,406,37,1100,
M343-GT001,406,38,1100,
B495-GT001,1761,4,,
B508-GT001,1758,31,,
B508-GT001,1758,32,,
B508-GT001,1758,33,,
B508-GT001,1758,34,,
X010-GT001,2941,101,,
B551-GT001,56,37,,
X347-GT001,2378,31,,
B456-GT001,1205,44,3000,Full Lot
B456-GT001,1205,46,3500,Full Lot
M403-GT001,1718,31,950,Full Lot
X272-GT001,2280,36,,
X272-GT001,2280,37,,
X272-GT001,2280,38,,
BGT056,934,19,,
BGT056,934,66,,
X088A-GT001,3448,33,,
M306-GT001,1839,38,,
M306-GT001,1839,39,,
M306-GT001,1839,40,,
M306-GT001,1839,42,,
M306-GT001,1839,43,,
M306-GT001,1839,44,,
M362-GT001,1722,5,,
M296-GT001,1916,39,,
M307-GT001,1201,6,,
R109-GT001,186,119,,
BGT057,1200,70,,
RGT003,31,3,,
M322-GT001,2068,119,,
M322-GT001,2068,20,,
M328-GT001,1953,22,,
M328-GT001,1953,23,,
M328-GT001,1953,122,,
Q121A-GT001,10234,60,17205,Partial Lot
X164-GT001,2696,79,,
X333-GT001,2511,30,,
QGT013,100,2,,
B535-GT001,4455,9,,
BGT058,1533,49,,
BGT059,1582,21,,
BGT060,3468,22,,
B578-GT001,3536,51,2500,Full Lot
B578-GT001,3536,52,2009,Full Lot
BGT061,4058,121,,
XGT037,4660,38,4300,Full Lot
XGT037,4660,34,5000,Full Lot
MGT034,405,19,,
MGT034,405,20,,
MGT034,405,21,,
MGT034,405,22,,
MGT035,2067,108,,Full Lot
Q490-GT001,12375,62,,
Q490-GT001,12375,220,,
B546-GT001,1819,43,,
BGT062,1912,3,,
B569-GT001,4104,23,,
B568-GT001,3999,19,,
B568-GT001,4000,3,,
M405-GT001,1827,14,,
BGT063,4440,1,8500,Partial Lot
M407-GT001,1919,5,,
B573-GT001,1652,39,,
B573-GT001,1652,38,,
B557-GT001,3588,32,600,Full Lot
B557-GT001,3588,33,600,Full Lot
B557-GT001,3588,34,600,Full Lot
B557-GT001,3588,35,600,Full Lot
B557-GT001,3588,36,600,Full Lot
B554-GT001,1475,40,1245,Full Lot
X361-GT001,2979,35,,
X361-GT001,2979,36,,
XGT038,2973,52,,
B442-GT001,3775,24,,
XGT039,2458,,19365,Partial Lot
B556-GT001,3232,40,,
B556-GT001,3232,42,,
B556-GT001,3232,47,,
B571-GT001,7769,17,4000,Full Lot
Q371-GT001,16004,85,,
QGT014,12367,170,,
X332-GT001,2690,135,,
B570-GT001,440,45,2300,Full Lot
B564-GT001,3833,43,,
B564-GT001,3833,44,,
MGT037,1725,6,2548,Full Lot
MGT037,1725,7,1665,Full Lot
MGT037,1725,107,1665,Full Lot
MGT037,1725,8,1665,Full Lot
B565-GT001,3537,19,2617,Full Lot
B568-GT002,4000,3,,
M400-GT001,1831,16,,
M397-GT001,393,20,2370,Full Lot
Q371-GT002,16004,85,,Partial Lot
B223U-GT001,2726,14,,
BGT065,3467,27,,
MGT038,1620,23,,Partial Lot
M113A-GT001,405,30,,
MGT039,2080,58,,
M331-GT001,1644,146,,
M331-GT002,1644,46,,
QGT015,8261,81,,
B519-GT001,1762,67,,
Q484-GT001,15837,47,3800,
Q484-GT001,15837,49,2850,
Q484-GT001,15837,51,2850,
Q484-GT001,15837,52,3800,
Q484-GT001,15837,54,3800,
Q484-GT002,15837,29,3804,
Q484-GT002,15837,31,3804,
Q484-GT002,15837,41,11400,
Q484-GT002,15837,33,4284,
R123-GT001,80,70,,
B583-GT001,2450,28,,
B584-GT001,3438,63,,
M406-GT001,1918,51,,
M380-GT001,1728,54,3331,Full Lot
QGT016,16136,11,,
B522-GT001,3997,16,,
B522-GT001,3997,17,,
B522-GT001,3997,19,,
B522-GT001,3997,20,,
Q507-GT001,398,33,,
B581-GT001,4063,15,1800,Full Lot
BGT066,5078,32,,
XGT040,2685,61,,
BGT067,4206,1,2000,Partial Lot
MGT040,438,19,,
B449-GT002,4075,140,,
B498-GT001,1561,12,,
X365-GT001,2724,115,,
M325-GT002,391,30,,
M409-GT001,1911,48,1600,Full Lot
Q493-GT002,10150,1,,
BGT068,5267,19,,
M025-GT001,1964,12,3300,Partial Lot
M320-GT001,1962,35,6350,
MGT042,390,7502,,
X001A-GT001,2868,3,,
Q121A-GT002,10243,60,6544,Partial Lot
Q440-GT001,12089,8,,
M325-GT003,391,30,,
X343-GT001,3201,1,,
XGT041,3257,120,,
BGT069,7842,40,,
M410-GT001,387,46,,
B428-GT001,3293,34,2000,
B428-GT001,3293,35,2000,
B428-GT001,3293,36,2000,
B428-GT001,3293,37,1800,
B428-GT001,3293,38,1425,
B428-GT001,3293,39,1425,
B428-GT001,3293,40,1425,
B428-GT001,3293,41,1425,
B166-GT001,8312,1,6250,Partial Lot
B558-GT001,4050,22,,
B594-GT001,5030,72,,
RGT004,556,100,,
R137A-GT001,6351,1,,
R137A-GT001,6351,3,,
R137A-GT001,6351,6,,
R137A-GT001,6351,8,,
R137A-GT001,6351,9,,
R137A-GT001,6351,11,,
R137A-GT001,6351,12,,
R137A-GT001,6351,13,,
R137A-GT001,6351,14,,
X303-GT001,2523,160,,
B436-GT001,3613,30,,
Q511-GT001,15960,43,7600,Full Lot
Q518-GT001,16103,84,,
Q518-GT001,16103,83,,
B452-GT001,3997,10,,
B496-GT001,4075,107,,
BGT081,4457,43,2333,Full Lot
BGT081,4457,45,2300,Full Lot
B540-GT001,1354,80,,
BGT164,1740,1,3127,Partial Lot
XGT083,5582,1,1728,Partial Lot
BGT169,1580,1,2074,Partial Lot
BGT170,7405,1001,4103,Partial Lot
MGT097,1933,1,1008,Partial Lot
BGT165,1597,1,9542,Partial Lot
BGT166,4510,1,2700,Partial Lot
BGT167,3098,1,1184,Partial Lot
XGT080,4444,1,2520,Partial Lot
XGT081,2639,1,4320,Partial Lot
XGT082,2557,83,1776,Partial Lot
BGT168,2050,1,14850,Partial Lot
MGT095,1980,1,1296,Partial Lot
MGT096,1605,24,8648,Partial Lot
B507-GT002,1708,35,,
B507-GT002,1708,36,,
X270-GT001,2979,28,1777,
XGT084,3274,51,,
X292-GT001,3169,20,6552,Full Lot
Q519-GT001,13344,32,2605,
B223DA-GT001,258,1,,Partial Lot
BGT172,685,53,,Full Lot
BGT171,386,43,,Full Lot
M284-GT001,2066,25,5840,
Q503-GT001,15952,3,3067,Full Lot
BGT173,3245,39,5000,Full Lot
BGT173,3245,41,2500,Full Lot
QGT027,9802,41,,Partial Lot
XGT085,2215,623,2048,Partial Lot
XGT087,2325,1,3536,Partial Lot
B464-GT002,1446,61,2679,Full Lot
B389-GT001,5059,32,4100,Partial Lot
QGT028,3418,1,9500,Partial Lot
MGT100,1640,1,1920,Partial Lot
MGT101,1627,50,7095,Partial Lot
XGT088,2911,1,1244,Partial Lot
XGT089,2678,1,1920,Partial Lot
M305-GT001,1726,132,1500,Full Lot
BGT175,5421,47,2258,Full Lot
XGT090,3537,1,10000,Full Lot
Q514-GT001,738,50,1500,Partial Lot
XGT091,4922,87,10748,Full Lot
X345-GT001,2617,17,1119,Full Lot
X345-GT001,2617,16,16,Full Lot
X345-GT001,2617,104,70,Full Lot
B423-GT001,2250,20,,
B423-GT001,2250,21,,
B423-GT001,2250,22,,
X352-GT001,2379,15,,
X352-GT001,2379,16,,
XGT044,2682,41,3142,Full Lot
XGT044,2682,40,4000,Full Lot
